[{"pos_x": 1.970991, "pos_y": 19.782993, "rotation": 0.0, "side": "top", "designator": "J5", "mpn": null, "pack": "PinHeader_1x02_P2.54mm_Vertical", "value": "Light Detect", "mount_type": "tht"}, {"pos_x": 26.37126, "pos_y": 10.901283, "rotation": 0.0, "side": "top", "designator": "J3", "mpn": null, "pack": "PinHeader_1x02_P2.54mm_Vertical", "value": "Sensor", "mount_type": "tht"}, {"pos_x": 1.958259, "pos_y": 13.58812, "rotation": 0.0, "side": "top", "designator": "J7", "mpn": null, "pack": "PinHeader_1x04_P2.54mm_Vertical", "value": "Conn_01x04_Male", "mount_type": "tht"}, {"pos_x": 2.198738, "pos_y": 3.120259, "rotation": 0.0, "side": "top", "designator": "D4", "mpn": null, "pack": "LED_0805_2012Metric_Pad1.15x1.40mm_HandSolder", "value": "LED", "mount_type": "smt"}, {"pos_x": 25.935024, "pos_y": 3.154338, "rotation": 180.0, "side": "top", "designator": "SW1", "mpn": null, "pack": "PTS526_SK15_SMTR2_LFS", "value": "PTS526_SK15_SMTR2_LFS", "mount_type": "smt"}, {"pos_x": 26.488514, "pos_y": 25.844091, "rotation": 0.0, "side": "top", "designator": "J1", "mpn": null, "pack": "PinHeader_1x03_P2.54mm_Vertical", "value": "~", "mount_type": "tht"}, {"pos_x": 1.970991, "pos_y": 25.996137, "rotation": 0.0, "side": "top", "designator": "J2", "mpn": null, "pack": "PinHeader_1x02_P2.54mm_Vertical", "value": "Ext Battery 3.3V", "mount_type": "tht"}, {"pos_x": 14.27622, "pos_y": 18.128836, "rotation": 0.0, "side": "top", "designator": "U1", "mpn": null, "pack": "ESP32-WROOM-32", "value": "ESP32-WROOM-32", "mount_type": "smt"}, {"pos_x": 26.522879, "pos_y": 17.11231, "rotation": 0.0, "side": "top", "designator": "J4", "mpn": null, "pack": "PinHeader_1x02_P2.54mm_Vertical", "value": "Thermistor", "mount_type": "tht"}, {"pos_x": 2.196933, "pos_y": 0.651452, "rotation": 0.0, "side": "top", "designator": "D3", "mpn": null, "pack": "LED_0805_2012Metric_Pad1.15x1.40mm_HandSolder", "value": "LED", "mount_type": "smt"}, {"pos_x": 8.47052, "pos_y": 3.595357, "rotation": -90.0, "side": "top", "designator": "SW2", "mpn": null, "pack": "PTS526_SK15_SMTR2_LFS", "value": "~", "mount_type": "smt"}, {"pos_x": 16.720331, "pos_y": 2.586585, "rotation": 0.0, "side": "top", "designator": "J6", "mpn": null, "pack": "MICRO-B_USB_POWER", "value": "MICRO-B USB", "mount_type": "tht"}, {"pos_x": 16.853706, "pos_y": 1.986711, "rotation": -90.0, "side": "bottom", "designator": "R13", "mpn": null, "pack": "R_0805_2012Metric_Pad1.20x1.40mm_HandSolder", "value": "220", "mount_type": "smt"}, {"pos_x": 18.192927, "pos_y": 11.615582, "rotation": -90.0, "side": "bottom", "designator": "R7", "mpn": null, "pack": "R_0805_2012Metric_Pad1.20x1.40mm_HandSolder", "value": "10k", "mount_type": "smt"}, {"pos_x": 7.454841, "pos_y": 20.20108, "rotation": 90.0, "side": "bottom", "designator": "R4", "mpn": null, "pack": "R_0805_2012Metric_Pad1.20x1.40mm_HandSolder", "value": "10k", "mount_type": "smt"}, {"pos_x": 5.503317, "pos_y": 6.873645, "rotation": 90.0, "side": "bottom", "designator": "R15", "mpn": null, "pack": "R_0805_2012Metric_Pad1.20x1.40mm_HandSolder", "value": "3K3", "mount_type": "smt"}, {"pos_x": 5.357652, "pos_y": 20.181296, "rotation": -90.0, "side": "bottom", "designator": "R3", "mpn": null, "pack": "R_0805_2012Metric_Pad1.20x1.40mm_HandSolder", "value": "10k", "mount_type": "smt"}, {"pos_x": 1.251405, "pos_y": 2.635203, "rotation": 90.0, "side": "bottom", "designator": "R14", "mpn": null, "pack": "R_0805_2012Metric_Pad1.20x1.40mm_HandSolder", "value": "3K3", "mount_type": "smt"}, {"pos_x": 21.736211, "pos_y": 15.606675, "rotation": -90.0, "side": "bottom", "designator": "R10", "mpn": null, "pack": "R_0805_2012Metric_Pad1.20x1.40mm_HandSolder", "value": "10k", "mount_type": "smt"}, {"pos_x": 20.210301, "pos_y": 7.7873, "rotation": -90.0, "side": "bottom", "designator": "R5", "mpn": null, "pack": "R_0805_2012Metric_Pad1.20x1.40mm_HandSolder", "value": "10k", "mount_type": "smt"}, {"pos_x": 8.057038, "pos_y": 24.909126, "rotation": 90.0, "side": "bottom", "designator": "C4", "mpn": null, "pack": "C_0805_2012Metric_Pad1.18x1.45mm_HandSolder", "value": "100n", "mount_type": "smt"}, {"pos_x": 10.311833, "pos_y": 7.941004, "rotation": 90.0, "side": "bottom", "designator": "Q1", "mpn": null, "pack": "SOT-23", "value": "MMBT3904", "mount_type": "smt"}, {"pos_x": 18.216668, "pos_y": 15.580457, "rotation": -90.0, "side": "bottom", "designator": "R9", "mpn": null, "pack": "R_0805_2012Metric_Pad1.20x1.40mm_HandSolder", "value": "0", "mount_type": "smt"}, {"pos_x": 14.972513, "pos_y": 11.155058, "rotation": -90.0, "side": "bottom", "designator": "REF**", "mpn": null, "pack": "KiCad-Logo_tiny", "value": "KiCad-Logo_tiny", "mount_type": null}, {"pos_x": 19.143767, "pos_y": 24.858272, "rotation": 90.0, "side": "bottom", "designator": "C3", "mpn": null, "pack": "C_0805_2012Metric_Pad1.18x1.45mm_HandSolder", "value": "100n", "mount_type": "smt"}, {"pos_x": 21.73045, "pos_y": 11.615582, "rotation": -90.0, "side": "bottom", "designator": "R8", "mpn": null, "pack": "R_0805_2012Metric_Pad1.20x1.40mm_HandSolder", "value": "0", "mount_type": "smt"}, {"pos_x": 26.423872, "pos_y": 4.621075, "rotation": 90.0, "side": "bottom", "designator": "D1", "mpn": null, "pack": "D_SOD-123F", "value": "MBR120VLSF", "mount_type": "smt"}, {"pos_x": 8.009618, "pos_y": 11.84466, "rotation": -90.0, "side": "bottom", "designator": "R2", "mpn": null, "pack": "R_0805_2012Metric_Pad1.20x1.40mm_HandSolder", "value": "1k", "mount_type": "smt"}, {"pos_x": 5.537506, "pos_y": 11.2297, "rotation": -90.0, "side": "bottom", "designator": "R12", "mpn": null, "pack": "R_0805_2012Metric_Pad1.20x1.40mm_HandSolder", "value": "10k", "mount_type": "smt"}, {"pos_x": 8.436789, "pos_y": 2.37369, "rotation": -90.0, "side": "bottom", "designator": "R6", "mpn": null, "pack": "R_0805_2012Metric_Pad1.20x1.40mm_HandSolder", "value": "10k", "mount_type": "smt"}, {"pos_x": 22.541233, "pos_y": 20.922755, "rotation": 90.0, "side": "bottom", "designator": "D2", "mpn": null, "pack": "D_SOD-323", "value": "1N4148WS", "mount_type": "smt"}, {"pos_x": 11.064658, "pos_y": 11.803926, "rotation": 90.0, "side": "bottom", "designator": "R1", "mpn": null, "pack": "R_0805_2012Metric_Pad1.20x1.40mm_HandSolder", "value": "2M7", "mount_type": "smt"}, {"pos_x": 14.022711, "pos_y": 22.606702, "rotation": 90.0, "side": "bottom", "designator": "U2", "mpn": null, "pack": "SOT-223-3_TabPin2", "value": "AMS1117-3.3", "mount_type": "smt"}, {"pos_x": 5.535384, "pos_y": 15.149201, "rotation": 90.0, "side": "bottom", "designator": "R11", "mpn": null, "pack": "R_0805_2012Metric_Pad1.20x1.40mm_HandSolder", "value": "10k", "mount_type": "smt"}, {"pos_x": 22.548919, "pos_y": 24.826069, "rotation": 90.0, "side": "bottom", "designator": "C2", "mpn": null, "pack": "C_0805_2012Metric_Pad1.18x1.45mm_HandSolder", "value": "10u", "mount_type": "smt"}, {"pos_x": 4.481298, "pos_y": 2.635203, "rotation": 90.0, "side": "bottom", "designator": "R16", "mpn": null, "pack": "R_0805_2012Metric_Pad1.20x1.40mm_HandSolder", "value": "220", "mount_type": "smt"}, {"pos_x": 11.986096, "pos_y": 15.653796, "rotation": 90.0, "side": "bottom", "designator": "Q2", "mpn": null, "pack": "SOT-23", "value": "NDS356AP", "mount_type": "smt"}, {"pos_x": 10.545761, "pos_y": 2.348523, "rotation": -90.0, "side": "bottom", "designator": "C1", "mpn": null, "pack": "C_0805_2012Metric_Pad1.18x1.45mm_HandSolder", "value": ".1u", "mount_type": "smt"}, {"pos_x": 4.683492, "pos_y": 24.885384, "rotation": 90.0, "side": "bottom", "designator": "C5", "mpn": null, "pack": "C_0805_2012Metric_Pad1.18x1.45mm_HandSolder", "value": "10u", "mount_type": "smt"}]